record_id,redacted_data_json,is_pii
1,"{""customer_id"": ""CUST001"", ""phone"": ""987****10"", ""order_value"": 1299}",True
2,"{""name"": ""Rajesh Kumar"", ""email"": ""ra***@email.com"", ""city"": ""Mumbai""}",True
3,"{""first_name"": ""Priya"", ""product"": ""iPhone 14"", ""category"": ""Electronics""}",False
4,"{""aadhar"": ""123456789012"", ""transaction_type"": ""purchase""}",True
5,"{""email"": ""st***@email.com"", ""product_id"": ""PROD123""}",True
6,"{""name"": ""X89E9C6"", ""address"": ""[REDACTED]"", ""ip_address"": ""192.x.x.x""}",True
7,"{""city"": ""Delhi"", ""pin_code"": ""110001"", ""product_category"": ""Fashion""}",False
8,"{""upi_id"": ""us***@paytm"", ""amount"": 500}",True
9,"{""last_name"": ""Sharma"", ""order_id"": ""ORD789456""}",False
10,"{""passport"": ""P*****7"", ""booking_reference"": ""BK123""}",True
11,"{""device_id"": ""DEV456789"", ""app_version"": ""2.1.4""}",False
12,"{""name"": ""XD492AC"", ""email"": ""sn***@gmail.com"", ""device_id"": ""X99F81A""}",True
13,"{""transaction_id"": ""TXN987654"", ""amount"": 2500, ""status"": ""completed""}",False
14,"{""phone"": ""876****09"", ""order_date"": ""2024-01-15""}",True
15,"{""state"": ""Maharashtra"", ""product_name"": ""Laptop Bag""}",False
16,"{""name"": ""X583797"", ""address"": ""[REDACTED]"", ""email"": ""vi***@company.com""}",True
17,"{""first_name"": ""Anita"", ""last_name_initial"": ""K"", ""age"": 28}",False
18,"{""aadhar"": ""987654321098"", ""verification_status"": ""verified""}",True
19,"{""email"": ""cu***@service.com"", ""query_type"": ""refund""}",True
20,"{""upi_id"": ""912****80@ybl"", ""merchant"": ""Flipkart""}",True
21,"{""product_description"": ""Samsung Galaxy S23"", ""price"": 65000}",False
22,"{""name"": ""Deepika Agarwal"", ""phone"": ""789****56"", ""email"": ""de***@email.com""}",True
23,"{""pin_code"": ""400001"", ""delivery_date"": ""2024-02-10""}",False
24,"{""passport"": ""M*****3"", ""travel_date"": ""2024-03-15""}",True
25,"{""customer_segment"": ""Premium"", ""loyalty_points"": 1500}",False
26,"{""name"": ""X42D855"", ""address"": ""[REDACTED]"", ""ip_address"": ""10.x.x.x""}",True
27,"{""order_type"": ""Express"", ""shipping_method"": ""same_day""}",False
28,"{""phone"": ""678****45"", ""sms_consent"": true}",True
29,"{""username"": ""techguru"", ""last_login"": ""2024-01-20""}",False
30,"{""aadhar"": ""456789123045"", ""kyc_status"": ""pending""}",True
31,"{""category"": ""Books"", ""author"": ""Chetan Bhagat""}",False
32,"{""name"": ""Meera Joshi"", ""email"": ""me***@workplace.com"", ""device_type"": ""Android""}",True
33,"{""session_id"": ""SESS789123"", ""duration"": ""45 minutes""}",False
34,"{""upi_id"": ""me***@okaxis"", ""payment_method"": ""UPI""}",True
35,"{""region"": ""North India"", ""warehouse_code"": ""WH001""}",False
36,"{""name"": ""X5F8A2F"", ""address"": ""[REDACTED]"", ""phone"": ""901****78""}",True
37,"{""subscription_type"": ""Premium"", ""renewal_date"": ""2024-06-15""}",False
38,"{""passport"": ""L*****1"", ""country"": ""India""}",True
39,"{""first_name"": ""Kavya"", ""gender"": ""Female"", ""age_group"": ""25-35""}",False
40,"{""aadhar"": ""23****23"", ""bank_verification"": ""success""}",True
41,"{""brand"": ""Nike"", ""model"": ""Air Max"", ""size"": ""9""}",False
42,"{""name"": ""Siddharth Nair"", ""email"": ""si***@tech.com"", ""ip_address"": ""203.x.x.x""}",True
43,"{""currency"": ""INR"", ""exchange_rate"": 83.25}",False
44,"{""phone"": ""890****67"", ""notification_preference"": ""SMS""}",True
45,"{""product_rating"": 4.5, ""review_count"": 150}",False
46,"{""upi_id"": ""fa***@ibl"", ""family_size"": 4}",True
47,"{""zip_code"": ""560001"", ""delivery_zone"": ""Zone_A""}",False
48,"{""name"": ""XF4DD25"", ""address"": ""[REDACTED]"", ""email"": ""po***@email.in""}",True
49,"{""app_name"": ""Flipkart"", ""version"": ""8.21.0""}",False
50,"{""passport"": ""K*****2"", ""issue_date"": ""2020-05-10""}",True
51,"{""last_name"": ""Iyer"", ""profession"": ""Software Engineer""}",False
52,"{""aadhar"": ""345678901234"", ""address_proof"": ""verified""}",True
53,"{""email"": ""su***@flipkart.com"", ""ticket_id"": ""TICK456""}",True
54,"{""name"": ""X12A53E"", ""phone"": ""701****89"", ""device_id"": ""X3D9967""}",True
55,"{""search_query"": ""bluetooth headphones"", ""filters"": ""price,brand""}",False
56,"{""upi_id"": ""876****01@paytm"", ""auto_debit"": true}",True
57,"{""state_code"": ""MH"", ""gst_number"": ""27ABCDE1234F1Z5""}",False
58,"{""name"": ""XB2BE79"", ""email"": ""la***@company.org"", ""address"": ""[REDACTED]""}",True
59,"{""feature_flag"": ""new_checkout"", ""enabled"": true}",False
60,"{""phone"": ""934****12"", ""otp_verification"": ""pending""}",True
61,"{""discount_code"": ""SAVE20"", ""validity"": ""2024-03-31""}",False
62,"{""passport"": ""A*****3"", ""nationality"": ""Indian""}",True
63,"{""first_name"": ""Rohan"", ""wishlist_count"": 15}",False
64,"{""aadhar"": ""567890123456"", ""biometric_status"": ""matched""}",True
65,"{""payment_gateway"": ""Razorpay"", ""transaction_fee"": 25}",False
66,"{""name"": ""X0C5BAA"", ""address"": ""[REDACTED]"", ""ip_address"": ""122.x.x.x""}",True
67,"{""inventory_id"": ""INV789"", ""stock_level"": 50}",False
68,"{""upi_id"": ""bu***@axisbank"", ""merchant_category"": ""retail""}",True
69,"{""city"": ""Hyderabad"", ""weather"": ""partly_cloudy""}",False
70,"{""phone"": ""845****23"", ""call_preference"": ""evening""}",True
71,"{""coupon_code"": ""FIRST10"", ""usage_count"": 1}",False
72,"{""name"": ""Karthik Subramanian"", ""email"": ""ka***@work.com"", ""device_type"": ""iOS""}",True
73,"{""logistics_partner"": ""BlueDart"", ""tracking_id"": ""BD123456789""}",False
74,"{""passport"": ""H*****3"", ""expiry_date"": ""2030-12-15""}",True
75,"{""age"": 32, ""income_bracket"": ""middle_class""}",False
76,"{""aadhar"": ""678901234567"", ""mobile_linked"": true}",True
77,"{""return_reason"": ""size_issue"", ""refund_amount"": 899}",False
78,"{""name"": ""Divya Sharma"", ""phone"": ""712****90"", ""email"": ""di***@personal.com""}",True
79,"{""seller_id"": ""SELLER001"", ""rating"": 4.2}",False
80,"{""upi_id"": ""sh***@hdfcbank"", ""settlement_cycle"": ""T+2""}",True
81,"{""recommendation_type"": ""collaborative"", ""confidence"": 0.85}",False
82,"{""name"": ""XF8FAAE"", ""address"": ""[REDACTED]"", ""email"": ""ma***@email.com""}",True
83,"{""api_version"": ""v2.1"", ""response_time"": ""120ms""}",False
84,"{""phone"": ""956****23"", ""language_preference"": ""Hindi""}",True
85,"{""last_name"": ""Reddy"", ""occupation"": ""Doctor""}",False
86,"{""passport"": ""T*****0"", ""visa_required"": false}",True
87,"{""affiliate_id"": ""AFF789"", ""commission_rate"": 5}",False
88,"{""aadhar"": ""78****78"", ""ekyc_timestamp"": ""2024-01-15T10:30:00Z""}",True
89,"{""utm_source"": ""google"", ""campaign"": ""winter_sale""}",False
90,"{""name"": ""Ananya Rao"", ""email"": ""an***@university.edu"", ""ip_address"": ""157.x.x.x""}",True
91,"{""fraud_score"": 0.15, ""risk_level"": ""low""}",False
92,"{""upi_id"": ""789****56@ybl"", ""bank_name"": ""State Bank""}",True
93,"{""search_filter"": ""electronics"", ""sort_by"": ""price_low_to_high""}",False
94,"{""phone"": ""823****90"", ""two_factor_auth"": true}",True
95,"{""first_name"": ""Arun"", ""cart_value"": 2500}",False
96,"{""name"": ""XD6727D"", ""address"": ""[REDACTED]"", ""phone"": ""678****45""}",True
97,"{""machine_learning_model"": ""recommendation_v3"", ""accuracy"": 0.92}",False
98,"{""passport"": ""R*****2"", ""place_of_issue"": ""Mumbai""}",True
99,"{""city"": ""Bangalore"", ""traffic_condition"": ""moderate""}",False
100,"{""aadhar"": ""890123456789"", ""consent_given"": true}",True
101,"{""email"": ""ne***@flipkart.com"", ""unsubscribe_rate"": 0.02}",True
102,"{""name"": ""XA92AAD"", ""email"": ""su***@office.com"", ""device_id"": ""XD5C615""}",True
103,"{""performance_metric"": ""page_load_time"", ""value"": ""2.1s""}",False
104,"{""upi_id"": ""qu***@kotak"", ""limit_daily"": 50000}",True
105,"{""last_name"": ""Gupta"", ""education"": ""MBA""}",False
106,"{""phone"": ""790****67"", ""marketing_consent"": false}",True
107,"{""analytics_event"": ""product_view"", ""timestamp"": ""2024-01-20T14:22:33Z""}",False
108,"{""name"": ""X54FFB2"", ""address"": ""[REDACTED]"", ""email"": ""ra***@workplace.in""}",True
109,"{""cache_hit_ratio"": 0.78, ""response_cached"": true}",False
110,"{""passport"": ""S*****1"", ""passport_type"": ""ordinary""}",True
111,"{""first_name"": ""Vivek"", ""subscription_status"": ""active""}",False
112,"{""aadhar"": ""901234567890"", ""demographic_verified"": true}",True
113,"{""a_b_test"": ""checkout_flow_v2"", ""variant"": ""B""}",False
114,"{""name"": ""Kavita Menon"", ""phone"": ""834****01"", ""email"": ""ka***@gmail.com""}",True
115,"{""geo_location"": ""lat:12.9716,lng:77.5946"", ""accuracy"": ""10m""}",False
116,"{""upi_id"": ""654****87@paytm"", ""merchant_type"": ""individual""}",True
117,"{""database_query"": ""SELECT * FROM products"", ""execution_time"": ""45ms""}",False
118,"{""phone"": ""987****10"", ""device_brand"": ""Samsung""}",True
119,"{""last_name"": ""Singh"", ""marital_status"": ""married""}",False
120,"{""name"": ""XA96540"", ""address"": ""[REDACTED]"", ""ip_address"": ""49.x.x.x""}",True
121,"{""content_type"": ""application/json"", ""encoding"": ""utf-8""}",False
122,"{""passport"": ""Q*****9"", ""biometric_enrolled"": true}",True
123,"{""city"": ""Coimbatore"", ""pincode"": ""641001""}",False
124,"{""aadhar"": ""012345678901"", ""otp_verified"": true}",True
125,"{""recommendation_engine"": ""neural_cf"", ""training_date"": ""2024-01-01""}",False
126,"{""name"": ""Geetha Raman"", ""email"": ""ge***@company.com"", ""device_type"": ""Desktop""}",True
127,"{""webhook_url"": ""https://api.example.com/webhook"", ""status"": ""active""}",False
128,"{""upi_id"": ""sh***@icici"", ""autopay_enabled"": false}",True
129,"{""first_name"": ""Mohit"", ""preferred_language"": ""English""}",False
130,"{""phone"": ""745****12"", ""carrier"": ""Airtel""}",True
131,"{""inventory_turnover"": 4.2, ""stock_out_rate"": 0.08}",False
132,"{""name"": ""X8373C7"", ""address"": ""[REDACTED]"", ""phone"": ""801****79""}",True
133,"{""service_level"": ""premium"", ""response_time_sla"": ""< 1 hour""}",False
134,"{""passport"": ""B*****3"", ""emergency_contact"": ""987****10""}",True
135,"{""last_name"": ""Nair"", ""hobby"": ""photography""}",False
136,"{""aadhar"": ""123450987654"", ""photo_verification"": ""passed""}",True
137,"{""feature_toggle"": ""new_ui"", ""rollout_percentage"": 25}",False
138,"{""name"": ""Harish Kumar"", ""email"": ""ha***@tech.org"", ""ip_address"": ""203.x.x.x""}",True
139,"{""data_pipeline"": ""etl_v2"", ""processed_records"": 1000000}",False
140,"{""upi_id"": ""54***@ybl"", ""transaction_limit"": 100000}",True
141,"{""search_algorithm"": ""elasticsearch"", ""index_size"": ""2.5GB""}",False
142,"{""phone"": ""912****89"", ""roaming_status"": false}",True
143,"{""city"": ""Kochi"", ""state"": ""Kerala""}",False
144,"{""name"": ""XBB492A"", ""address"": ""[REDACTED]"", ""email"": ""ri***@company.net""}",True
145,"{""microservice"": ""user_service"", ""health_status"": ""healthy""}",False
146,"{""passport"": ""N*****7"", ""pages_remaining"": 28}",True
147,"{""first_name"": ""Deepak"", ""loyalty_tier"": ""gold""}",False
148,"{""aadhar"": ""234561098765"", ""fingerprint_matched"": true}",True
149,"{""cdn_cache"": ""cloudflare"", ""hit_ratio"": 0.89}",False
150,"{""name"": ""Priyanka Choudhary"", ""phone"": ""789****56"", ""email"": ""pr***@personal.in""}",True
151,"{""log_level"": ""INFO"", ""message"": ""Transaction completed successfully""}",False
152,"{""upi_id"": ""fa***@sbi"", ""beneficiary_count"": 3}",True
153,"{""machine_id"": ""ML789"", ""cpu_utilization"": 65}",False
154,"{""phone"": ""856****23"", ""do_not_disturb"": true}",True
155,"{""last_name"": ""Mishra"", ""department"": ""Engineering""}",False
156,"{""name"": ""X580B31"", ""address"": ""[REDACTED]"", ""ip_address"": ""117.x.x.x""}",True
157,"{""kubernetes_pod"": ""api-server-v2"", ""replicas"": 3}",False
158,"{""passport"": ""G*****9"", ""sponsor_required"": false}",True
159,"{""city"": ""Indore"", ""region"": ""Central India""}",False
160,"{""aadhar"": ""345672109876"", ""iris_scan"": ""verified""}",True
161,"{""email"": ""ad***@system.com"", ""role"": ""system_admin""}",True
162,"{""name"": ""X1D412A"", ""email"": ""sa***@workplace.com"", ""device_id"": ""XFD211E""}",True
163,"{""ssl_certificate"": ""valid"", ""expiry"": ""2024-12-31""}",False
164,"{""upi_id"": ""43***@okaxis"", ""insurance_linked"": true}",True
165,"{""first_name"": ""Neha"", ""age_verification"": ""completed""}",False
166,"{""phone"": ""923****90"", ""backup_number"": ""876****09""}",True
167,"{""monitoring_alert"": ""high_memory_usage"", ""threshold_exceeded"": true}",False
168,"{""name"": ""X1F8A81"", ""address"": ""[REDACTED]"", ""phone"": ""734****01""}",True
169,"{""load_balancer"": ""nginx"", ""upstream_servers"": 4}",False
170,"{""passport"": ""F*****3"", ""travel_history"": ""USA,UAE,UK""}",True
171,"{""last_name"": ""Patel"", ""blood_group"": ""O+""}",False
172,{},False
173,"{""api_rate_limit"": 1000, ""current_usage"": 245}",False
174,"{""name"": ""Anjali Verma"", ""email"": ""an***@office.in"", ""ip_address"": ""59.x.x.x""}",True
175,"{""database_connection"": ""mysql"", ""pool_size"": 20}",False
176,"{""upi_id"": ""wa***@phonepe"", ""balance_inquiry"": true}",True
177,"{""city"": ""Nagpur"", ""timezone"": ""Asia/Kolkata""}",False
178,"{""phone"": ""890****67"", ""international_roaming"": false}",True
179,"{""first_name"": ""Rakesh"", ""credit_score"": 750}",False
180,"{""name"": ""XEB78A4"", ""address"": ""[REDACTED]"", ""email"": ""su***@email.org""}",True
181,"{""message_queue"": ""rabbitmq"", ""queue_depth"": 150}",False
182,"{""passport"": ""V*****0"", ""diplomatic_status"": false}",True
183,"{""last_name"": ""Yadav"", ""experience"": ""5 years""}",False
184,{},False
185,"{""security_scan"": ""passed"", ""vulnerabilities_found"": 0}",False
186,"{""name"": ""Ritu Singh"", ""phone"": ""678****45"", ""email"": ""ri***@company.com""}",True
187,"{""container_registry"": ""docker_hub"", ""image_version"": ""v1.2.3""}",False
188,"{""upi_id"": ""32***@paytm"", ""pin_change_required"": false}",True
189,"{""city"": ""Chandigarh"", ""weather_forecast"": ""sunny""}",False
190,"{""phone"": ""767****34"", ""fiber_connection"": true}",True
191,"{""first_name"": ""Manoj"", ""vehicle_type"": ""sedan""}",False
192,"{""name"": ""XDC1BD1"", ""address"": ""[REDACTED]"", ""ip_address"": ""14.x.x.x""}",True
193,"{""elastic_search"": ""cluster_healthy"", ""nodes"": 5}",False
194,"{""passport"": ""J*****0"", ""minor_dependent"": false}",True
195,"{""last_name"": ""Jain"", ""dietary_preference"": ""vegetarian""}",False
196,"{""aadhar"": ""678905432109"", ""family_head"": true}",True
197,"{""prometheus_metric"": ""http_requests_total"", ""value"": 50000}",False
198,"{""name"": ""Abhishek Tiwari"", ""email"": ""ab***@work.com"", ""device_type"": ""Mobile""}",True
199,"{""grafana_dashboard"": ""system_overview"", ""panels"": 12}",False
200,"{""upi_id"": ""sa***@unionbank"", ""interest_rate"": 3.5}",True
201,"{""city"": ""Bhopal"", ""air_quality"": ""moderate""}",False
202,"{""phone"": ""901****78"", ""plan_type"": ""postpaid""}",True
203,"{""first_name"": ""Shalini"", ""favorite_color"": ""blue""}",False
204,"{""name"": ""X3D1C0A"", ""address"": ""[REDACTED]"", ""phone"": ""812****90""}",True
205,"{""jenkins_build"": ""successful"", ""build_number"": 156}",False
206,{},False
207,"{""last_name"": ""Chopra"", ""shoe_size"": 9}",False
208,"{""aadhar"": ""789016543210"", ""nomination_updated"": true}",True
209,"{""terraform_state"": ""applied"", ""resources"": 23}",False
210,"{""name"": ""Shilpa Shetty"", ""email"": ""sh***@personal.com"", ""ip_address"": ""122.x.x.x""}",True
211,"{""ansible_playbook"": ""deploy_app"", ""tasks"": 15}",False
212,"{""upi_id"": ""21***@ybl"", ""kyc_level"": ""full""}",True
213,"{""city"": ""Vadodara"", ""population"": 1670000}",False
214,"{""phone"": ""845****12"", ""signal_strength"": ""-65dBm""}",True
215,"{""first_name"": ""Gaurav"", ""t_shirt_size"": ""L""}",False
216,"{""name"": ""X69DF5D"", ""address"": ""[REDACTED]"", ""email"": ""ma***@bollywood.com""}",True
217,"{""docker_compose"": ""version_3"", ""services"": 8}",False
218,"{""passport"": ""I*****2"", ""blood_type"": ""A+""}",True
219,"{""last_name"": ""Bansal"", ""coffee_preference"": ""cappuccino""}",False
220,"{""aadhar"": ""890127654321"", ""senior_citizen"": false}",True
221,"{""nagios_check"": ""ok"", ""last_check"": ""2024-01-20T15:30:00Z""}",False
222,"{""name"": ""Nikhil Sharma"", ""phone"": ""723****90"", ""email"": ""ni***@tech.in""}",True
223,"{""zabbix_host"": ""web_server_01"", ""status"": ""monitored""}",False
224,"{""upi_id"": ""bu***@yesbank"", ""gst_registered"": true}",True
225,"{""city"": ""Surat"", ""textile_hub"": true}",False
226,"{""phone"": ""934****12"", ""voicemail_enabled"": false}",True
227,"{""first_name"": ""Pooja"", ""pet_name"": ""Bruno""}",False
228,"{""name"": ""XFDFD35"", ""address"": ""[REDACTED]"", ""ip_address"": ""203.x.x.x""}",True
229,"{""splunk_index"": ""main"", ""events_per_day"": 1000000}",False
230,"{""passport"": ""O*****7"", ""dual_citizenship"": false}",True
231,"{""last_name"": ""Agrawal"", ""music_preference"": ""classical""}",False
232,"{""aadhar"": ""90****32"", ""disability_certificate"": false}",True
233,"{""elk_stack"": ""7.10.2"", ""log_retention"": ""30_days""}",False
234,"{""name"": ""XA15866"", ""email"": ""sw***@university.ac.in"", ""device_id"": ""XEF892F""}",True
235,"{""redis_cache"": ""cluster_mode"", ""memory_usage"": ""2.1GB""}",False
236,"{""upi_id"": ""10***@paytm"", ""fraud_alert"": false}",True
237,"{""city"": ""Jodhpur"", ""heritage_site"": true}",False
238,"{""phone"": ""867****34"", ""emergency_contact"": true}",True
239,"{""first_name"": ""Arpit"", ""gaming_preference"": ""FPS""}",False
240,"{""name"": ""XD067DD"", ""address"": ""[REDACTED]"", ""phone"": ""689****57""}",True
241,"{""memcached"": ""1.6.9"", ""hit_ratio"": 0.84}",False
242,"{""passport"": ""U*****9"", ""organ_donor"": true}",True
243,"{""last_name"": ""Kulkarni"", ""sports_preference"": ""cricket""}",False
244,"{""aadhar"": ""012347896543"", ""pan_linked"": true}",True
245,"{""fluentd_buffer"": ""file"", ""buffer_size"": ""256MB""}",False
246,"{""name"": ""Tarun Goel"", ""email"": ""ta***@startup.io"", ""ip_address"": ""49.x.x.x""}",True
247,"{""haproxy_backend"": ""app_servers"", ""active_servers"": 6}",False
248,"{""upi_id"": ""09***@okaxis"", ""reward_points"": 2500}",True
249,"{""city"": ""Agra"", ""monument"": ""Taj Mahal""}",False
250,"{""phone"": ""778****45"", ""data_plan"": ""unlimited""}",True
251,"{""first_name"": ""Shruti"", ""zodiac_sign"": ""Leo""}",False
252,"{""name"": ""X68AE4A"", ""address"": ""[REDACTED]"", ""email"": ""va***@actor.com""}",True
253,"{""cassandra_cluster"": ""3_nodes"", ""replication_factor"": 3}",False
254,"{""passport"": ""Z*****0"", ""machine_readable"": true}",True
255,"{""last_name"": ""Sinha"", ""reading_habit"": ""fiction""}",False
256,"{""aadhar"": ""123498765432"", ""uan_linked"": true}",True
257,"{""neo4j_database"": ""graph_analytics"", ""node_count"": 50000}",False
258,"{""name"": ""Ritesh Deshmukh"", ""phone"": ""987****10"", ""email"": ""ri***@film.in""}",True
259,"{""apache_kafka"": ""2.8.0"", ""topics"": 25}",False
260,"{""upi_id"": ""987****10@ibl"", ""standing_instruction"": true}",True
261,"{""city"": ""Guwahati"", ""tea_capital"": true}",False
262,"{""phone"": ""612****89"", ""hotspot_enabled"": true}",True
263,"{""first_name"": ""Tanvi"", ""dance_form"": ""bharatanatyam""}",False
264,"{""name"": ""XFC677C"", ""address"": ""[REDACTED]"", ""ip_address"": ""203.x.x.x""}",True
265,"{""airflow_dag"": ""data_pipeline"", ""schedule_interval"": ""@daily""}",False
266,"{""passport"": ""W*****3"", ""special_endorsement"": false}",True
267,"{""last_name"": ""Pandey"", ""cooking_skill"": ""intermediate""}",False
268,"{""aadhar"": ""234509876543"", ""ration_card_linked"": true}",True
269,"{""spark_cluster"": ""4_workers"", ""memory"": ""16GB""}",False
270,"{""name"": ""Alia Bhatt"", ""email"": ""al***@bollywood.in"", ""device_type"": ""iPhone""}",True
271,"{""hdfs_replication"": 3, ""block_size"": ""128MB""}",False
272,"{""upi_id"": ""876****09@ybl"", ""max_transaction_limit"": 200000}",True
273,"{""city"": ""Dehradun"", ""hill_station"": true}",False
274,"{""phone"": ""956****23"", ""call_forwarding"": false}",True
275,"{""first_name"": ""Yash"", ""favorite_cuisine"": ""Italian""}",False
276,"{""name"": ""XBB5AE2"", ""address"": ""[REDACTED]"", ""phone"": ""890****67""}",True
277,"{""mongodb_replica"": ""primary"", ""oplog_size"": ""2GB""}",False
278,"{""passport"": ""E*****1"", ""chip_enabled"": true}",True
279,"{""last_name"": ""Gupta"", ""travel_frequency"": ""frequent""}",False
280,"{""aadhar"": ""345608976543"", ""voter_id_linked"": true}",True
281,"{""postgresql_version"": ""13.4"", ""extensions"": ""postgis,pg_stat_statements""}",False
282,"{""name"": ""Ranbir Kapoor"", ""email"": ""ra***@movies.com"", ""ip_address"": ""117.x.x.x""}",True
283,"{""consul_cluster"": ""3_agents"", ""leader_election"": true}",False
284,"{""upi_id"": ""765****98@paytm"", ""mobile_banking"": true}",True
285,"{""city"": ""Shimla"", ""altitude"": ""2205m""}",False
286,"{""phone"": ""823****90"", ""wifi_calling"": true}",True
287,"{""first_name"": ""Ishita"", ""language_skills"": ""Hindi,English,French""}",False
288,"{""name"": ""X07B41E"", ""address"": ""[REDACTED]"", ""email"": ""hr***@superstar.in""}",True
289,"{""vault_secrets"": ""encrypted"", ""policies"": 8}",False
290,"{""passport"": ""D*****9"", ""photo_biometric"": true}",True
291,"{""last_name"": ""Saxena"", ""workout_routine"": ""yoga""}",False
292,"{""aadhar"": ""45****43"", ""driving_license_linked"": true}",True
293,"{""kubernetes_ingress"": ""nginx"", ""ssl_termination"": true}",False
294,"{""name"": ""Katrina Kaif"", ""phone"": ""712****90"", ""email"": ""ka***@actress.com""}",True
295,"{""etcd_cluster"": ""healthy"", ""raft_applied_index"": 1000000}",False
296,"{""upi_id"": ""654****87@okaxis"", ""joint_account"": false}",True
297,"{""city"": ""Manali"", ""skiing_season"": ""winter""}",False
298,"{""phone"": ""978****45"", ""conference_calling"": true}",True
299,"{""first_name"": ""Naman"", ""programming_language"": ""Python""}",False
300,"{""name"": ""X50A9D4"", ""address"": ""[REDACTED]"", ""ip_address"": ""59.x.x.x""}",True
301,"{""istio_mesh"": ""enabled"", ""sidecar_injection"": true}",False
302,"{""passport"": ""K*****4"", ""rfid_enabled"": true}",True
303,"{""last_name"": ""Tiwari"", ""meditation_practice"": ""mindfulness""}",False
304,"{""aadhar"": ""567890432109"", ""health_insurance_linked"": true}",True
305,"{""linkerd_proxy"": ""stable-2.11.1"", ""success_rate"": 99.9}",False
306,"{""name"": ""X7C0ECD"", ""email"": ""ak***@actionhero.in"", ""device_id"": ""X2741F1""}",True
307,"{""opentelemetry"": ""enabled"", ""traces_per_second"": 1000}",False
308,"{""upi_id"": ""54***@ybl"", ""credit_card_linked"": true}",True
309,"{""city"": ""Ooty"", ""tea_gardens"": true}",False
310,"{""phone"": ""801****78"", ""5g_enabled"": true}",True
311,"{""first_name"": ""Sneha"", ""fitness_goal"": ""weight_loss""}",False
312,"{""name"": ""X01FE1D"", ""address"": ""[REDACTED]"", ""phone"": ""912****80""}",True
313,"{""jaeger_tracing"": ""distributed"", ""spans_collected"": 50000}",False
314,"{""passport"": ""M*****1"", ""biometric_exit"": true}",True
315,"{""last_name"": ""Mahajan"", ""hobby"": ""painting""}",False
316,"{""aadhar"": ""678901543210"", ""life_insurance_linked"": true}",True
317,"{""zipkin_spans"": ""sampled"", ""sampling_rate"": 0.1}",False
318,"{""name"": ""Aamir Khan"", ""email"": ""aa***@perfectionist.com"", ""ip_address"": ""14.x.x.x""}",True
319,"{""flagger_canary"": ""progressive"", ""success_threshold"": 99}",False
320,"{""upi_id"": ""43***@paytm"", ""fixed_deposit_linked"": true}",True
321,"{""city"": ""Nainital"", ""lake_city"": true}",False
322,"{""phone"": ""734****01"", ""volte_enabled"": true}",True
323,"{""first_name"": ""Rajat"", ""investment_portfolio"": ""balanced""}",False
324,"{""name"": ""X3ECCCD"", ""address"": ""[REDACTED]"", ""email"": ""sr***@kingkhan.in""}",True
325,"{""argo_cd"": ""v2.4.0"", ""applications"": 15}",False
326,"{""passport"": ""A*****4"", ""fast_track_eligible"": true}",True
327,"{""last_name"": ""Verma"", ""social_media"": ""LinkedIn""}",False
328,"{""order_id"": ""ORD123456"", ""product_category"": ""Electronics"", ""status"": ""delivered""}",False
329,"{""transaction_id"": ""TXN789012"", ""payment_method"": ""credit_card"", ""amount"": 15000}",False
330,"{""product_sku"": ""SKU456789"", ""brand"": ""Samsung"", ""rating"": 4.5}",False
331,"{""campaign_id"": ""CAM123"", ""click_rate"": 0.045, ""conversion"": 0.12}",False
332,"{""session_id"": ""SESS456"", ""page_views"": 8, ""bounce_rate"": 0.25}",False
333,"{""warehouse_code"": ""WH001"", ""inventory_level"": 150, ""reorder_point"": 50}",False
334,"{""coupon_code"": ""SAVE20"", ""discount_percentage"": 20, ""usage_limit"": 1000}",False
335,"{""api_key"": ""API789"", ""requests_per_minute"": 500, ""quota_exceeded"": false}",False
336,"{""batch_id"": ""BATCH123"", ""processed_records"": 50000, ""error_count"": 12}",False
337,"{""log_entry"": ""INFO"", ""timestamp"": ""2024-01-20T10:30:00Z"", ""module"": ""payment_service""}",False
338,"{""metric_name"": ""response_time"", ""value"": 120, ""unit"": ""milliseconds""}",False
339,"{""feature_flag"": ""new_checkout"", ""enabled"": true, ""rollout_percentage"": 50}",False
340,"{""service_name"": ""user_service"", ""version"": ""v2.1.0"", ""health_status"": ""healthy""}",False
341,"{""database_name"": ""primary"", ""connection_pool"": 20, ""active_connections"": 15}",False
342,"{""queue_name"": ""order_processing"", ""message_count"": 245, ""consumers"": 3}",False
343,"{""cache_key"": ""user_profile_123"", ""ttl"": 3600, ""hit_ratio"": 0.85}",False
344,"{""deployment_id"": ""DEP456"", ""environment"": ""production"", ""rollback_available"": true}",False
345,"{""alert_id"": ""ALT789"", ""severity"": ""warning"", ""acknowledged"": false}",False
346,"{""backup_id"": ""BAK123"", ""size"": ""2.5GB"", ""verification"": ""passed""}",False
347,"{""test_suite"": ""integration_tests"", ""passed"": 145, ""failed"": 3}",False
348,"{""build_number"": ""BUILD789"", ""commit_hash"": ""abc123def"", ""deployment_time"": ""2024-01-20T14:25:00Z""}",False
349,"{""region"": ""ap-south-1"", ""availability_zone"": ""ap-south-1a"", ""instance_type"": ""t3.medium""}",False
350,"{""security_scan"": ""vulnerability_assessment"", ""high_risk"": 0, ""medium_risk"": 2}",False
351,"{""load_balancer"": ""ALB"", ""target_groups"": 2, ""healthy_targets"": 6}",False
352,"{""cdn_provider"": ""CloudFront"", ""cache_hit_ratio"": 0.92, ""origin_requests"": 1500}",False
353,"{""ssl_certificate"": ""wildcard"", ""issuer"": ""Let's Encrypt"", ""expiry"": ""2024-12-31""}",False
354,"{""monitoring_dashboard"": ""system_overview"", ""widgets"": 12, ""refresh_interval"": 30}",False
355,"{""compliance_check"": ""gdpr"", ""status"": ""compliant"", ""last_audit"": ""2024-01-01""}",False
356,"{""machine_learning_model"": ""recommendation_engine"", ""accuracy"": 0.89, ""training_data"": ""1M_samples""}",False
357,"{""data_pipeline"": ""etl_daily"", ""source"": ""mongodb"", ""destination"": ""data_warehouse""}",False
358,"{""kubernetes_pod"": ""api-deployment-abc123"", ""cpu_usage"": ""65%"", ""memory_usage"": ""512MB""}",False
359,"{""docker_image"": ""app:v1.2.3"", ""size"": ""150MB"", ""layers"": 8}",False
360,"{""git_branch"": ""feature/new-ui"", ""commits_ahead"": 5, ""merge_conflicts"": false}",False
361,"{""network_interface"": ""eth0"", ""bytes_in"": 1048576, ""bytes_out"": 524288}",False
362,"{""file_system"": ""/dev/sda1"", ""total_space"": ""100GB"", ""free_space"": ""25GB""}",False
363,"{""process_id"": ""12345"", ""cpu_time"": ""2.5s"", ""memory_usage"": ""256MB""}",False
364,"{""thread_pool"": ""worker_threads"", ""active_threads"": 8, ""queue_size"": 15}",False
365,"{""garbage_collection"": ""G1GC"", ""pause_time"": ""10ms"", ""frequency"": ""every_30s""}",False
366,"{""connection_string"": ""postgresql://localhost:5432/app_db"", ""max_connections"": 100, ""current_connections"": 45}",False
367,"{""search_index"": ""products_v2"", ""document_count"": 1000000, ""size"": ""2.1GB""}",False
368,"{""message_broker"": ""RabbitMQ"", ""exchange_type"": ""topic"", ""routing_key"": ""order.created""}",False
369,"{""streaming_platform"": ""Apache Kafka"", ""partition_count"": 12, ""replication_factor"": 3}",False
370,"{""container_orchestrator"": ""Kubernetes"", ""namespace"": ""production"", ""pod_count"": 25}",False
371,"{""microservice_architecture"": ""event_driven"", ""service_count"": 15, ""communication"": ""async""}",False
372,"{""api_gateway"": ""Kong"", ""rate_limiting"": ""1000_rpm"", ""authentication"": ""JWT""}",False
373,"{""service_mesh"": ""Istio"", ""sidecar_proxy"": ""Envoy"", ""mTLS_enabled"": true}",False
374,"{""observability_stack"": ""ELK"", ""log_retention"": ""30_days"", ""alert_rules"": 25}",False
375,"{""aadhar"": ""789023456781"", ""address_verification"": ""completed"", ""timestamp"": ""2024-01-20T09:15:00Z""}",True
376,"{""name"": ""X1DF0BA"", ""email"": ""ar***@film.in"", ""address"": ""[REDACTED]""}",True
377,"{""phone"": ""987****10"", ""carrier_name"": ""Airtel"", ""plan_type"": ""postpaid""}",True
378,"{""upi_id"": ""ar***@paytm"", ""linked_bank"": ""HDFC Bank"", ""kyc_status"": ""verified""}",True
379,"{""passport"": ""P*****3"", ""issue_place"": ""Mumbai"", ""validity"": ""10_years""}",True
380,"{""name"": ""Sonam Gupta"", ""phone"": ""876****09"", ""email"": ""so***@personal.in"", ""device_type"": ""Android""}",True
381,"{""aadhar"": ""890134567890"", ""biometric_status"": ""locked"", ""unlock_required"": true}",True
382,"{""name"": ""X206CFD"", ""address"": ""[REDACTED]"", ""ip_address"": ""203.x.x.x""}",True
383,"{""phone"": ""765****98"", ""international_code"": ""+91"", ""verified"": true}",True
384,"{""upi_id"": ""vi***@okaxis"", ""transaction_pin"": ""set"", ""daily_limit"": 100000}",True
385,"{""passport"": ""L*****7"", ""photo_updated"": ""2024-01-15"", ""pages_left"": 32}",True
386,"{""name"": ""Meera Sharma"", ""email"": ""me***@office.com"", ""department"": ""HR""}",True
387,"{""aadhar"": ""90****01"", ""mobile_verification"": ""pending"", ""otp_sent"": true}",True
388,"{""name"": ""XE241D5"", ""address"": ""[REDACTED]"", ""phone"": ""890****67""}",True
389,"{""phone"": ""678****45"", ""sms_service"": ""enabled"", ""promotional_consent"": false}",True
390,"{""upi_id"": ""ro***@ybl"", ""beneficiary_limit"": 20, ""recent_transaction"": ""2024-01-20""}",True
391,"{""passport"": ""A*****2"", ""emergency_contact_name"": ""Priya Shetty"", ""relationship"": ""spouse""}",True
392,"{""name"": ""Kavya Madhavan"", ""email"": ""ka***@actress.in"", ""ip_address"": ""117.x.x.x""}",True
393,"{""aadhar"": ""012356789012"", ""demographic_auth"": ""success"", ""attempt_count"": 1}",True
394,"{""name"": ""X1D965B"", ""address"": ""[REDACTED]"", ""email"": ""aj***@action.com""}",True
395,"{""phone"": ""923****01"", ""call_log_consent"": true, ""privacy_setting"": ""medium""}",True
396,"{""upi_id"": ""aj***@icici"", ""merchant_payments"": 15, ""last_settlement"": ""2024-01-19""}",True
397,"{""passport"": ""H*****3"", ""visa_pages"": 8, ""endorsement_pages"": 2}",True
398,"{""name"": ""Tabu Khan"", ""phone"": ""812****89"", ""email"": ""ta***@versatile.in""}",True
399,"{""aadhar"": ""123467890123"", ""bank_seeding"": ""completed"", ""subsidy_linked"": true}",True
400,"{""name"": ""X96541F"", ""address"": ""[REDACTED]"", ""ip_address"": ""59.x.x.x""}",True
401,"{""phone"": ""789****56"", ""roaming_activated"": true, ""international_plan"": ""active""}",True
402,"{""upi_id"": ""na***@sbi"", ""family_account"": true, ""members_linked"": 4}",True
403,"{""passport"": ""T*****1"", ""chip_technology"": ""enabled"", ""security_features"": ""enhanced""}",True
404,"{""name"": ""XFEA63B"", ""email"": ""ko***@independent.in"", ""device_id"": ""X7F76EC""}",True
405,"{""aadhar"": ""234578901234"", ""disability_flag"": false, ""senior_citizen"": false}",True
406,"{""name"": ""X0FBEC5"", ""address"": ""[REDACTED]"", ""phone"": ""690****78""}",True
407,"{""phone"": ""956****34"", ""caller_tune"": ""enabled"", ""ringback_tone"": ""bollywood_classic""}",True
408,"{""upi_id"": ""ir***@phonepe"", ""insurance_premium"": ""auto_debit"", ""policy_linked"": true}",True
409,"{""passport"": ""K*****2"", ""place_of_birth"": ""Mumbai"", ""spouse_name"": ""Sutapa Sikdar""}",True
410,"{""name"": ""Pankaj Tripathi"", ""email"": ""pa***@character.in"", ""ip_address"": ""14.x.x.x""}",True
411,"{""aadhar"": ""345689012345"", ""rural_address"": false, ""urban_classification"": true}",True
412,"{""name"": ""X94349B"", ""address"": ""[REDACTED]"", ""email"": ""ra***@bold.com""}",True
413,"{""phone"": ""845****12"", ""missed_call_alert"": true, ""call_waiting"": ""enabled""}",True
414,"{""upi_id"": ""ra***@unionbank"", ""loan_emi"": ""auto_pay"", ""next_due"": ""2024-02-01""}",True
415,"{""passport"": ""R*****8"", ""frequent_traveler"": true, ""miles_accumulated"": 50000}",True
416,"{""name"": ""Ayushmann Khurrana"", ""phone"": ""734****01"", ""email"": ""ay***@versatile.in""}",True
417,"{""aadhar"": ""45****56"", ""health_id"": ""linked"", ""vaccination_status"": ""fully_vaccinated""}",True
418,"{""name"": ""X4A373C"", ""address"": ""[REDACTED]"", ""ip_address"": ""122.x.x.x""}",True
419,"{""phone"": ""967****34"", ""network_type"": ""4G"", ""data_usage"": ""15GB_monthly""}",True
420,"{""upi_id"": ""bh***@kotak"", ""savings_goal"": ""home_purchase"", ""target_amount"": 5000000}",True
421,"{""passport"": ""S*****5"", ""digital_copy"": ""available"", ""qr_code"": ""generated""}",True
422,"{""name"": ""Rajkummar Rao"", ""email"": ""ra***@method.in"", ""device_type"": ""Samsung""}",True
423,"{""aadhar"": ""567801234567"", ""aadhaar_pay"": ""enabled"", ""micro_atm"": ""registered""}",True
424,"{""name"": ""X3D8714"", ""address"": ""[REDACTED]"", ""phone"": ""878****45""}",True
425,"{""phone"": ""678****45"", ""backup_sim"": ""inactive"", ""primary_number"": true}",True
426,"{""upi_id"": ""kr***@yesbank"", ""credit_score_check"": ""monthly"", ""current_score"": 785}",True
427,"{""passport"": ""C*****2"", ""biometric_data"": ""encrypted"", ""facial_recognition"": true}",True
428,"{""name"": ""Kartik Aaryan"", ""email"": ""ka***@comedy.in"", ""ip_address"": ""203.x.x.x""}",True
429,"{""aadhar"": ""678912345678"", ""consent_manager"": ""registered"", ""data_sharing"": ""limited""}",True
430,"{""name"": ""X2B2771"", ""address"": ""[REDACTED]"", ""email"": ""ananya@gen_z.com""}",True
431,"{""phone"": ""789****56"", ""video_calling"": true, ""screen_sharing"": ""enabled""}",True
432,"{""upi_id"": ""an***@hdfcbank"", ""student_account"": true, ""education_loan"": ""linked""}",True
433,"{""passport"": ""N*****9"", ""minor_passport"": false, ""guardian_details"": ""not_applicable""}",True
434,"{""name"": ""Tiger Shroff"", ""phone"": ""890****67"", ""email"": ""ti***@action.in""}",True
435,"{""aadhar"": ""789023456789"", ""fitness_tracker"": ""linked"", ""health_records"": ""digital""}",True
436,"{""name"": ""X159845"", ""address"": ""[REDACTED]"", ""ip_address"": ""117.x.x.x""}",True
437,"{""phone"": ""901****78"", ""ai_assistant"": ""enabled"", ""voice_recognition"": true}",True
438,"{""upi_id"": ""di***@axis"", ""fashion_expenses"": ""tracked"", ""budget_alert"": true}",True
439,"{""passport"": ""D*****3"", ""travel_insurance"": ""comprehensive"", ""coverage"": ""worldwide""}",True
440,"{""name"": ""XF509CD"", ""email"": ""vi***@intense.in"", ""device_id"": ""X344005""}",True
441,"{""aadhar"": ""890134567890"", ""military_service"": ""eligible"", ""ncc_certificate"": true}",True
442,"{""name"": ""X20B61D"", ""address"": ""[REDACTED]"", ""phone"": ""712****90""}",True
443,"{""phone"": ""823****90"", ""conference_call"": ""premium"", ""participants_limit"": 50}",True
444,"{""upi_id"": ""ki***@indianbank"", ""jewelry_insurance"": ""active"", ""premium"": ""monthly""}",True
445,"{""passport"": ""V*****0"", ""diplomatic_immunity"": false, ""official_travel"": ""business""}",True
446,"{""name"": ""Sidharth Malhotra"", ""email"": ""si***@romantic.in"", ""ip_address"": ""59.x.x.x""}",True
447,"{""aadhar"": ""90****01"", ""property_registration"": ""linked"", ""stamp_duty"": ""paid""}",True
448,"{""name"": ""XDABF4C"", ""address"": ""[REDACTED]"", ""email"": ""sh***@melodious.com""}",True
449,"{""phone"": ""934****12"", ""music_streaming"": ""premium"", ""offline_downloads"": 500}",True
450,"{""upi_id"": ""sh***@pnb"", ""concert_tickets"": ""auto_book"", ""artist_alerts"": true}",True
451,"{""passport"": ""U*****4"", ""artist_visa"": ""multi_entry"", ""performance_permit"": true}",True
452,"{""name"": ""Varun Sharma"", ""phone"": ""845****12"", ""email"": ""va***@comedy.in""}",True
453,"{""aadhar"": ""012356789012"", ""comedy_club"": ""member"", ""performance_rights"": ""registered""}",True
454,"{""name"": ""XD6C00D"", ""address"": ""[REDACTED]"", ""ip_address"": ""203.x.x.x""}",True
455,"{""phone"": ""756****23"", ""fashion_alerts"": true, ""brand_notifications"": ""selective""}",True
456,"{""upi_id"": ""ja***@canara"", ""designer_payments"": ""frequent"", ""luxury_limit"": 1000000}",True
457,"{""passport"": ""F*****1"", ""fashion_week"": ""participant"", ""designer_collaboration"": true}",True
458,"{""name"": ""Arjun Reddy"", ""email"": ""ar***@intense.in"", ""device_type"": ""OnePlus""}",True
459,"{""aadhar"": ""123467890123"", ""medical_college"": ""alumni"", ""practicing_license"": ""valid""}",True
460,"{""name"": ""X6F003E"", ""address"": ""[REDACTED]"", ""phone"": ""967****34""}",True
461,"{""phone"": ""689****56"", ""regional_content"": ""Telugu"", ""dubbing_preference"": ""original""}",True
462,"{""upi_id"": ""ra***@sbi"", ""south_cinema"": ""promotions"", ""fan_engagement"": ""high""}",True
463,"{""passport"": ""G*****2"", ""regional_cinema"": ""ambassador"", ""cultural_exchange"": true}",True
464,"{""name"": ""Allu Arjun"", ""email"": ""al***@stylish.in"", ""ip_address"": ""14.x.x.x""}",True
465,"{""aadhar"": ""234578901234"", ""dance_academy"": ""owner"", ""choreography_rights"": ""exclusive""}",True
466,"{""name"": ""X765DE3"", ""address"": ""[REDACTED]"", ""email"": ""sa***@versatile.in""}",True
467,"{""phone"": ""890****67"", ""charity_work"": ""active"", ""foundation_calls"": ""priority""}",True
468,"{""upi_id"": ""sa***@hdfc"", ""donation_auto"": ""monthly"", ""cause"": ""women_empowerment""}",True
469,"{""passport"": ""I*****5"", ""humanitarian_visa"": ""active"", ""ngo_collaboration"": true}",True
470,"{""name"": ""Ram Charan"", ""phone"": ""723****90"", ""email"": ""ra***@megastar.in""}",True
471,"{""aadhar"": ""345689012345"", ""horse_racing"": ""license"", ""stable_owner"": true}",True
472,"{""name"": ""X00169C"", ""address"": ""[REDACTED]"", ""ip_address"": ""122.x.x.x""}",True
473,"{""phone"": ""834****01"", ""political_updates"": ""subscribed"", ""rally_notifications"": true}",True
474,"{""upi_id"": ""nt***@andhra"", ""political_donations"": ""transparent"", ""party_fund"": ""contributor""}",True
475,"{""passport"": ""J*****6"", ""political_visa"": ""diplomatic"", ""state_visits"": ""official""}",True
476,"{""name"": ""X795814"", ""email"": ""ma***@superstar.in"", ""device_id"": ""XDB0BBC""}",True
477,"{""aadhar"": ""45****56"", ""production_house"": ""owner"", ""film_financing"": ""independent""}",True
478,"{""name"": ""X592DC9"", ""address"": ""[REDACTED]"", ""phone"": ""945****12""}",True
479,"{""phone"": ""767****34"", ""pan_india"": ""stardom"", ""multilingual_alerts"": true}",True
480,"{""upi_id"": ""pr***@federal"", ""movie_budget"": ""international"", ""currency"": ""multi""}",True
481,"{""passport"": ""B*****9"", ""international_filming"": ""permitted"", ""visa_facilitation"": true}",True
482,"{""name"": ""Rana Daggubati"", ""email"": ""ra***@versatile.in"", ""ip_address"": ""203.x.x.x""}",True
483,"{""aadhar"": ""567801234567"", ""visual_effects"": ""studio_owner"", ""technology_innovator"": true}",True
484,"{""name"": ""XA16FD9"", ""address"": ""[REDACTED]"", ""email"": ""an***@baahubali.in""}",True
485,"{""phone"": ""856****23"", ""fitness_regime"": ""strict"", ""trainer_calls"": ""daily""}",True
486,"{""upi_id"": ""an***@karnataka"", ""fitness_equipment"": ""premium"", ""health_monitoring"": ""advanced""}",True
487,"{""passport"": ""E*****0"", ""fitness_travel"": ""wellness"", ""spa_treatments"": ""international""}",True
488,"{""name"": ""Tamannaah Bhatia"", ""phone"": ""978****45"", ""email"": ""ta***@glamorous.in""}",True
489,"{""aadhar"": ""678912345678"", ""brand_ambassador"": ""multiple"", ""endorsement_value"": ""premium""}",True
490,"{""name"": ""X06BDA0"", ""address"": ""[REDACTED]"", ""ip_address"": ""117.x.x.x""}",True
491,"{""phone"": ""612****89"", ""punjabi_connection"": ""cultural"", ""regional_films"": ""multilingual""}",True
492,"{""upi_id"": ""ka***@punjab"", ""cultural_events"": ""sponsor"", ""heritage_preservation"": ""donor""}",True
493,"{""passport"": ""L*****3"", ""cultural_ambassador"": ""official"", ""international_events"": ""participant""}",True
494,"{""name"": ""Rakul Preet Singh"", ""email"": ""ra***@fitness.in"", ""device_type"": ""iPhone_Pro""}",True
495,"{""aadhar"": ""789023456789"", ""fitness_influencer"": ""certified"", ""wellness_brand"": ""founder""}",True
496,"{""name"": ""X8291AB"", ""address"": ""[REDACTED]"", ""phone"": ""823****90""}",True
497,"{""phone"": ""789****56"", ""dance_choreography"": ""skilled"", ""performance_rights"": ""exclusive""}",True
498,"{""upi_id"": ""po***@maharashtra"", ""dance_academy"": ""investment"", ""cultural_promotion"": ""active""}",True
499,"{""passport"": ""M*****4"", ""dance_festivals"": ""judge"", ""international_recognition"": true}",True
500,"{""name"": ""Regina Cassandra"", ""email"": ""re***@multilingual.in"", ""ip_address"": ""59.x.x.x""}",True
